comapny_name,stock_id,news,company_sentiment,sector_sentiment,volatility,randomness
NovaTech Solutions (NOVA),NOVA,launched a new service that received positive initial feedback,positive,highly_positive,high,moderate
CyberDyne Systems (CYBR),CYBR,announced a groundbreaking technology that revolutionizes the industry,highly_positive,highly_positive,extreme,high
Medicorp Innovations (MCRP),MCRP,faced massive losses due to security breaches,highly_negative,highly_negative,extreme,moderate
Vitality Pharma (VPHM),VPHM,major executive resignations causing uncertainty,highly_negative,negative,extreme,moderate
Global Trust Investments (GTI),GTI,announced a groundbreaking technology that revolutionizes the industry,highly_positive,highly_positive,extreme,low
Sterling Bancorp (STBC),STBC,faced massive losses due to security breaches,highly_negative,negative,extreme,low
Edulink Learning (EDLK),EDLK,company maintains stability despite market fluctuations,neutral,neutral,moderate,moderate
EduCorp International (EDCI),EDCI,faced massive losses due to security breaches,highly_negative,negative,extreme,low
NovaTech Solutions (NOVA),NOVA,legal troubles and fines impacting stock performance,highly_negative,highly_negative,extreme,moderate
CyberDyne Systems (CYBR),CYBR,faced massive losses due to security breaches,highly_negative,highly_negative,extreme,low
Medicorp Innovations (MCRP),MCRP,major executive resignations causing uncertainty,highly_negative,highly_negative,extreme,moderate
Vitality Pharma (VPHM),VPHM,announced plans for strategic partnerships,positive,highly_positive,high,low
Global Trust Investments (GTI),GTI,company maintains stability despite market fluctuations,neutral,neutral,moderate,high
Sterling Bancorp (STBC),STBC,major executive resignations causing uncertainty,highly_negative,negative,extreme,moderate
Edulink Learning (EDLK),EDLK,legal troubles and fines impacting stock performance,highly_negative,negative,extreme,high
EduCorp International (EDCI),EDCI,announced quarterly earnings in line with expectations,neutral,neutral,moderate,low
NovaTech Solutions (NOVA),NOVA,announced quarterly earnings in line with expectations,neutral,neutral,moderate,low
CyberDyne Systems (CYBR),CYBR,record-breaking sales and expansion into new markets,highly_positive,highly_positive,extreme,moderate
Medicorp Innovations (MCRP),MCRP,faced minor setbacks due to regulatory issues,negative,highly_negative,high,moderate
Vitality Pharma (VPHM),VPHM,legal troubles and fines impacting stock performance,highly_negative,highly_negative,extreme,low
Global Trust Investments (GTI),GTI,record-breaking sales and expansion into new markets,highly_positive,positive,extreme,low
Sterling Bancorp (STBC),STBC,record-breaking sales and expansion into new markets,highly_positive,positive,extreme,moderate
Edulink Learning (EDLK),EDLK,steady revenue growth and promising product pipeline,positive,positive,high,high
EduCorp International (EDCI),EDCI,industry analysts remain cautious but optimistic,neutral,neutral,moderate,low
NovaTech Solutions (NOVA),NOVA,company maintains stability despite market fluctuations,neutral,neutral,moderate,moderate
CyberDyne Systems (CYBR),CYBR,announced quarterly earnings in line with expectations,neutral,neutral,moderate,low
Medicorp Innovations (MCRP),MCRP,secured a major contract with a Fortune 500 company,highly_positive,highly_positive,extreme,high
Vitality Pharma (VPHM),VPHM,delayed product launch affecting investor confidence,negative,highly_negative,high,moderate
Global Trust Investments (GTI),GTI,record-breaking sales and expansion into new markets,highly_positive,highly_positive,extreme,moderate
Sterling Bancorp (STBC),STBC,secured a major contract with a Fortune 500 company,highly_positive,highly_positive,extreme,low
Edulink Learning (EDLK),EDLK,announced cost-cutting measures amid declining revenue,negative,negative,high,low
EduCorp International (EDCI),EDCI,secured a major contract with a Fortune 500 company,highly_positive,highly_positive,extreme,low
NovaTech Solutions (NOVA),NOVA,faced massive losses due to security breaches,highly_negative,negative,extreme,moderate
CyberDyne Systems (CYBR),CYBR,legal troubles and fines impacting stock performance,highly_negative,negative,extreme,high
Medicorp Innovations (MCRP),MCRP,announced a groundbreaking technology that revolutionizes the industry,highly_positive,positive,extreme,moderate
Vitality Pharma (VPHM),VPHM,steady revenue growth and promising product pipeline,positive,positive,high,low
Global Trust Investments (GTI),GTI,company maintains stability despite market fluctuations,neutral,neutral,moderate,high
Sterling Bancorp (STBC),STBC,legal troubles and fines impacting stock performance,highly_negative,negative,extreme,low
Edulink Learning (EDLK),EDLK,launched a new service that received positive initial feedback,positive,highly_positive,high,low
EduCorp International (EDCI),EDCI,record-breaking sales and expansion into new markets,highly_positive,highly_positive,extreme,low
NovaTech Solutions (NOVA),NOVA,faced minor setbacks due to regulatory issues,negative,negative,high,low
CyberDyne Systems (CYBR),CYBR,faced minor setbacks due to regulatory issues,negative,highly_negative,high,high
Medicorp Innovations (MCRP),MCRP,steady revenue growth and promising product pipeline,positive,positive,high,low
Vitality Pharma (VPHM),VPHM,announced plans for strategic partnerships,positive,positive,high,low
Global Trust Investments (GTI),GTI,launched a new service that received positive initial feedback,positive,highly_positive,high,low
Sterling Bancorp (STBC),STBC,major executive resignations causing uncertainty,highly_negative,negative,extreme,low
Edulink Learning (EDLK),EDLK,delayed product launch affecting investor confidence,negative,highly_negative,high,low
EduCorp International (EDCI),EDCI,legal troubles and fines impacting stock performance,highly_negative,negative,extreme,low
NovaTech Solutions (NOVA),NOVA,faced minor setbacks due to regulatory issues,negative,highly_negative,high,low
CyberDyne Systems (CYBR),CYBR,secured a major contract with a Fortune 500 company,highly_positive,highly_positive,extreme,low
Medicorp Innovations (MCRP),MCRP,announced quarterly earnings in line with expectations,neutral,neutral,moderate,low
Vitality Pharma (VPHM),VPHM,legal troubles and fines impacting stock performance,highly_negative,highly_negative,extreme,low
Global Trust Investments (GTI),GTI,announced cost-cutting measures amid declining revenue,negative,negative,high,low
Sterling Bancorp (STBC),STBC,faced minor setbacks due to regulatory issues,negative,highly_negative,high,moderate
Edulink Learning (EDLK),EDLK,company maintains stability despite market fluctuations,neutral,neutral,moderate,low
EduCorp International (EDCI),EDCI,announced quarterly earnings in line with expectations,neutral,neutral,moderate,low
NovaTech Solutions (NOVA),NOVA,record-breaking sales and expansion into new markets,highly_positive,positive,extreme,moderate
CyberDyne Systems (CYBR),CYBR,industry analysts remain cautious but optimistic,neutral,neutral,moderate,high
Medicorp Innovations (MCRP),MCRP,announced quarterly earnings in line with expectations,neutral,neutral,moderate,low
Vitality Pharma (VPHM),VPHM,announced cost-cutting measures amid declining revenue,negative,negative,high,moderate
Global Trust Investments (GTI),GTI,legal troubles and fines impacting stock performance,highly_negative,negative,extreme,moderate
Sterling Bancorp (STBC),STBC,company maintains stability despite market fluctuations,neutral,neutral,moderate,moderate
Edulink Learning (EDLK),EDLK,announced cost-cutting measures amid declining revenue,negative,highly_negative,high,low
EduCorp International (EDCI),EDCI,announced cost-cutting measures amid declining revenue,negative,highly_negative,high,low
NovaTech Solutions (NOVA),NOVA,secured a major contract with a Fortune 500 company,highly_positive,highly_positive,extreme,low
CyberDyne Systems (CYBR),CYBR,announced plans for strategic partnerships,positive,positive,high,moderate
Medicorp Innovations (MCRP),MCRP,launched a new service that received positive initial feedback,positive,highly_positive,high,low
Vitality Pharma (VPHM),VPHM,announced plans for strategic partnerships,positive,positive,high,low
Global Trust Investments (GTI),GTI,company maintains stability despite market fluctuations,neutral,neutral,moderate,high
Sterling Bancorp (STBC),STBC,announced cost-cutting measures amid declining revenue,negative,negative,high,low
Edulink Learning (EDLK),EDLK,announced plans for strategic partnerships,positive,highly_positive,high,moderate
EduCorp International (EDCI),EDCI,industry analysts remain cautious but optimistic,neutral,neutral,moderate,low
NovaTech Solutions (NOVA),NOVA,record-breaking sales and expansion into new markets,highly_positive,positive,extreme,moderate
CyberDyne Systems (CYBR),CYBR,faced massive losses due to security breaches,highly_negative,highly_negative,extreme,low
Medicorp Innovations (MCRP),MCRP,industry analysts remain cautious but optimistic,neutral,neutral,moderate,moderate
Vitality Pharma (VPHM),VPHM,industry analysts remain cautious but optimistic,neutral,neutral,moderate,moderate
Global Trust Investments (GTI),GTI,announced cost-cutting measures amid declining revenue,negative,negative,high,moderate
Sterling Bancorp (STBC),STBC,faced massive losses due to security breaches,highly_negative,highly_negative,extreme,low
Edulink Learning (EDLK),EDLK,faced minor setbacks due to regulatory issues,negative,negative,high,high
EduCorp International (EDCI),EDCI,secured a major contract with a Fortune 500 company,highly_positive,highly_positive,extreme,high
NovaTech Solutions (NOVA),NOVA,announced plans for strategic partnerships,positive,highly_positive,high,moderate
CyberDyne Systems (CYBR),CYBR,steady revenue growth and promising product pipeline,positive,positive,high,moderate
Medicorp Innovations (MCRP),MCRP,faced minor setbacks due to regulatory issues,negative,negative,high,low
Vitality Pharma (VPHM),VPHM,secured a major contract with a Fortune 500 company,highly_positive,highly_positive,extreme,low
Global Trust Investments (GTI),GTI,secured a major contract with a Fortune 500 company,highly_positive,highly_positive,extreme,moderate
Sterling Bancorp (STBC),STBC,record-breaking sales and expansion into new markets,highly_positive,highly_positive,extreme,low
Edulink Learning (EDLK),EDLK,launched a new service that received positive initial feedback,positive,positive,high,low
EduCorp International (EDCI),EDCI,faced massive losses due to security breaches,highly_negative,highly_negative,extreme,moderate
NovaTech Solutions (NOVA),NOVA,record-breaking sales and expansion into new markets,highly_positive,highly_positive,extreme,low
CyberDyne Systems (CYBR),CYBR,major executive resignations causing uncertainty,highly_negative,highly_negative,extreme,low
Medicorp Innovations (MCRP),MCRP,faced massive losses due to security breaches,highly_negative,highly_negative,extreme,low
Vitality Pharma (VPHM),VPHM,faced massive losses due to security breaches,highly_negative,highly_negative,extreme,moderate
Global Trust Investments (GTI),GTI,major executive resignations causing uncertainty,highly_negative,negative,extreme,high
Sterling Bancorp (STBC),STBC,faced massive losses due to security breaches,highly_negative,negative,extreme,low
Edulink Learning (EDLK),EDLK,company maintains stability despite market fluctuations,neutral,neutral,moderate,low
EduCorp International (EDCI),EDCI,delayed product launch affecting investor confidence,negative,highly_negative,high,low
NovaTech Solutions (NOVA),NOVA,record-breaking sales and expansion into new markets,highly_positive,highly_positive,extreme,high
CyberDyne Systems (CYBR),CYBR,legal troubles and fines impacting stock performance,highly_negative,negative,extreme,low
Medicorp Innovations (MCRP),MCRP,record-breaking sales and expansion into new markets,highly_positive,positive,extreme,moderate
Vitality Pharma (VPHM),VPHM,delayed product launch affecting investor confidence,negative,negative,high,moderate
Global Trust Investments (GTI),GTI,secured a major contract with a Fortune 500 company,highly_positive,positive,extreme,low
Sterling Bancorp (STBC),STBC,delayed product launch affecting investor confidence,negative,negative,high,low
Edulink Learning (EDLK),EDLK,announced plans for strategic partnerships,positive,positive,high,high
EduCorp International (EDCI),EDCI,legal troubles and fines impacting stock performance,highly_negative,highly_negative,extreme,moderate
NovaTech Solutions (NOVA),NOVA,faced minor setbacks due to regulatory issues,negative,negative,high,low
CyberDyne Systems (CYBR),CYBR,announced cost-cutting measures amid declining revenue,negative,highly_negative,high,moderate
Medicorp Innovations (MCRP),MCRP,industry analysts remain cautious but optimistic,neutral,neutral,moderate,low
Vitality Pharma (VPHM),VPHM,record-breaking sales and expansion into new markets,highly_positive,highly_positive,extreme,low
Global Trust Investments (GTI),GTI,record-breaking sales and expansion into new markets,highly_positive,highly_positive,extreme,low
Sterling Bancorp (STBC),STBC,legal troubles and fines impacting stock performance,highly_negative,negative,extreme,moderate
Edulink Learning (EDLK),EDLK,launched a new service that received positive initial feedback,positive,positive,high,moderate
EduCorp International (EDCI),EDCI,industry analysts remain cautious but optimistic,neutral,neutral,moderate,low
NovaTech Solutions (NOVA),NOVA,industry analysts remain cautious but optimistic,neutral,neutral,moderate,moderate
CyberDyne Systems (CYBR),CYBR,faced minor setbacks due to regulatory issues,negative,highly_negative,high,high
Medicorp Innovations (MCRP),MCRP,major executive resignations causing uncertainty,highly_negative,negative,extreme,low
Vitality Pharma (VPHM),VPHM,secured a major contract with a Fortune 500 company,highly_positive,highly_positive,extreme,low
Global Trust Investments (GTI),GTI,company maintains stability despite market fluctuations,neutral,neutral,moderate,moderate
Sterling Bancorp (STBC),STBC,announced a groundbreaking technology that revolutionizes the industry,highly_positive,highly_positive,extreme,low
Edulink Learning (EDLK),EDLK,company maintains stability despite market fluctuations,neutral,neutral,moderate,low
EduCorp International (EDCI),EDCI,launched a new service that received positive initial feedback,positive,highly_positive,high,moderate
NovaTech Solutions (NOVA),NOVA,announced plans for strategic partnerships,positive,positive,high,high
CyberDyne Systems (CYBR),CYBR,announced quarterly earnings in line with expectations,neutral,neutral,moderate,moderate
Medicorp Innovations (MCRP),MCRP,record-breaking sales and expansion into new markets,highly_positive,positive,extreme,low
Vitality Pharma (VPHM),VPHM,industry analysts remain cautious but optimistic,neutral,neutral,moderate,low
Global Trust Investments (GTI),GTI,announced plans for strategic partnerships,positive,highly_positive,high,moderate
Sterling Bancorp (STBC),STBC,announced a groundbreaking technology that revolutionizes the industry,highly_positive,highly_positive,extreme,moderate
Edulink Learning (EDLK),EDLK,secured a major contract with a Fortune 500 company,highly_positive,positive,extreme,low
EduCorp International (EDCI),EDCI,announced cost-cutting measures amid declining revenue,negative,highly_negative,high,low
NovaTech Solutions (NOVA),NOVA,steady revenue growth and promising product pipeline,positive,highly_positive,high,low
CyberDyne Systems (CYBR),CYBR,company maintains stability despite market fluctuations,neutral,neutral,moderate,moderate
Medicorp Innovations (MCRP),MCRP,announced quarterly earnings in line with expectations,neutral,neutral,moderate,moderate
Vitality Pharma (VPHM),VPHM,faced minor setbacks due to regulatory issues,negative,negative,high,high
Global Trust Investments (GTI),GTI,announced quarterly earnings in line with expectations,neutral,neutral,moderate,low
Sterling Bancorp (STBC),STBC,steady revenue growth and promising product pipeline,positive,positive,high,high
Edulink Learning (EDLK),EDLK,announced quarterly earnings in line with expectations,neutral,neutral,moderate,moderate
EduCorp International (EDCI),EDCI,steady revenue growth and promising product pipeline,positive,positive,high,low
NovaTech Solutions (NOVA),NOVA,announced a groundbreaking technology that revolutionizes the industry,highly_positive,positive,extreme,moderate
CyberDyne Systems (CYBR),CYBR,secured a major contract with a Fortune 500 company,highly_positive,positive,extreme,low
Medicorp Innovations (MCRP),MCRP,launched a new service that received positive initial feedback,positive,positive,high,low
Vitality Pharma (VPHM),VPHM,legal troubles and fines impacting stock performance,highly_negative,highly_negative,extreme,low
Global Trust Investments (GTI),GTI,major executive resignations causing uncertainty,highly_negative,highly_negative,extreme,moderate
Sterling Bancorp (STBC),STBC,secured a major contract with a Fortune 500 company,highly_positive,positive,extreme,high
Edulink Learning (EDLK),EDLK,company maintains stability despite market fluctuations,neutral,neutral,moderate,low
EduCorp International (EDCI),EDCI,record-breaking sales and expansion into new markets,highly_positive,highly_positive,extreme,low
NovaTech Solutions (NOVA),NOVA,announced a groundbreaking technology that revolutionizes the industry,highly_positive,highly_positive,extreme,low
CyberDyne Systems (CYBR),CYBR,announced quarterly earnings in line with expectations,neutral,neutral,moderate,low
Medicorp Innovations (MCRP),MCRP,faced massive losses due to security breaches,highly_negative,negative,extreme,low
Vitality Pharma (VPHM),VPHM,steady revenue growth and promising product pipeline,positive,positive,high,moderate
Global Trust Investments (GTI),GTI,record-breaking sales and expansion into new markets,highly_positive,positive,extreme,low
Sterling Bancorp (STBC),STBC,announced plans for strategic partnerships,positive,positive,high,moderate
Edulink Learning (EDLK),EDLK,record-breaking sales and expansion into new markets,highly_positive,positive,extreme,moderate
EduCorp International (EDCI),EDCI,announced quarterly earnings in line with expectations,neutral,neutral,moderate,low
NovaTech Solutions (NOVA),NOVA,announced quarterly earnings in line with expectations,neutral,neutral,moderate,high
CyberDyne Systems (CYBR),CYBR,industry analysts remain cautious but optimistic,neutral,neutral,moderate,low
Medicorp Innovations (MCRP),MCRP,major executive resignations causing uncertainty,highly_negative,negative,extreme,moderate
Vitality Pharma (VPHM),VPHM,secured a major contract with a Fortune 500 company,highly_positive,positive,extreme,moderate
Global Trust Investments (GTI),GTI,faced minor setbacks due to regulatory issues,negative,negative,high,moderate
Sterling Bancorp (STBC),STBC,announced a groundbreaking technology that revolutionizes the industry,highly_positive,highly_positive,extreme,low
Edulink Learning (EDLK),EDLK,announced a groundbreaking technology that revolutionizes the industry,highly_positive,positive,extreme,low
EduCorp International (EDCI),EDCI,steady revenue growth and promising product pipeline,positive,highly_positive,high,low
NovaTech Solutions (NOVA),NOVA,announced quarterly earnings in line with expectations,neutral,neutral,moderate,low
CyberDyne Systems (CYBR),CYBR,steady revenue growth and promising product pipeline,positive,highly_positive,high,low
Medicorp Innovations (MCRP),MCRP,announced quarterly earnings in line with expectations,neutral,neutral,moderate,low
Vitality Pharma (VPHM),VPHM,faced minor setbacks due to regulatory issues,negative,negative,high,moderate
Global Trust Investments (GTI),GTI,launched a new service that received positive initial feedback,positive,positive,high,high
Sterling Bancorp (STBC),STBC,announced quarterly earnings in line with expectations,neutral,neutral,moderate,low
Edulink Learning (EDLK),EDLK,delayed product launch affecting investor confidence,negative,highly_negative,high,low
EduCorp International (EDCI),EDCI,record-breaking sales and expansion into new markets,highly_positive,highly_positive,extreme,low
NovaTech Solutions (NOVA),NOVA,record-breaking sales and expansion into new markets,highly_positive,highly_positive,extreme,high
CyberDyne Systems (CYBR),CYBR,announced plans for strategic partnerships,positive,positive,high,low
Medicorp Innovations (MCRP),MCRP,announced quarterly earnings in line with expectations,neutral,neutral,moderate,low
Vitality Pharma (VPHM),VPHM,announced plans for strategic partnerships,positive,positive,high,low
Global Trust Investments (GTI),GTI,announced quarterly earnings in line with expectations,neutral,neutral,moderate,moderate
Sterling Bancorp (STBC),STBC,major executive resignations causing uncertainty,highly_negative,negative,extreme,low
Edulink Learning (EDLK),EDLK,faced minor setbacks due to regulatory issues,negative,highly_negative,high,moderate
EduCorp International (EDCI),EDCI,secured a major contract with a Fortune 500 company,highly_positive,highly_positive,extreme,moderate
NovaTech Solutions (NOVA),NOVA,launched a new service that received positive initial feedback,positive,highly_positive,high,high
CyberDyne Systems (CYBR),CYBR,industry analysts remain cautious but optimistic,neutral,neutral,moderate,low
Medicorp Innovations (MCRP),MCRP,announced quarterly earnings in line with expectations,neutral,neutral,moderate,high
Vitality Pharma (VPHM),VPHM,launched a new service that received positive initial feedback,positive,positive,high,moderate
Global Trust Investments (GTI),GTI,announced quarterly earnings in line with expectations,neutral,neutral,moderate,low
Sterling Bancorp (STBC),STBC,announced a groundbreaking technology that revolutionizes the industry,highly_positive,highly_positive,extreme,low
Edulink Learning (EDLK),EDLK,record-breaking sales and expansion into new markets,highly_positive,positive,extreme,low
EduCorp International (EDCI),EDCI,faced minor setbacks due to regulatory issues,negative,negative,high,low
NovaTech Solutions (NOVA),NOVA,launched a new service that received positive initial feedback,positive,positive,high,moderate
CyberDyne Systems (CYBR),CYBR,company maintains stability despite market fluctuations,neutral,neutral,moderate,moderate
Medicorp Innovations (MCRP),MCRP,record-breaking sales and expansion into new markets,highly_positive,positive,extreme,low
Vitality Pharma (VPHM),VPHM,delayed product launch affecting investor confidence,negative,highly_negative,high,moderate
Global Trust Investments (GTI),GTI,industry analysts remain cautious but optimistic,neutral,neutral,moderate,moderate
Sterling Bancorp (STBC),STBC,announced cost-cutting measures amid declining revenue,negative,highly_negative,high,moderate
Edulink Learning (EDLK),EDLK,announced a groundbreaking technology that revolutionizes the industry,highly_positive,highly_positive,extreme,low
EduCorp International (EDCI),EDCI,major executive resignations causing uncertainty,highly_negative,negative,extreme,high
NovaTech Solutions (NOVA),NOVA,announced quarterly earnings in line with expectations,neutral,neutral,moderate,low
CyberDyne Systems (CYBR),CYBR,launched a new service that received positive initial feedback,positive,highly_positive,high,low
Medicorp Innovations (MCRP),MCRP,announced cost-cutting measures amid declining revenue,negative,negative,high,low
Vitality Pharma (VPHM),VPHM,company maintains stability despite market fluctuations,neutral,neutral,moderate,moderate
Global Trust Investments (GTI),GTI,major executive resignations causing uncertainty,highly_negative,highly_negative,extreme,moderate
Sterling Bancorp (STBC),STBC,announced cost-cutting measures amid declining revenue,negative,highly_negative,high,low
Edulink Learning (EDLK),EDLK,launched a new service that received positive initial feedback,positive,highly_positive,high,low
EduCorp International (EDCI),EDCI,announced a groundbreaking technology that revolutionizes the industry,highly_positive,highly_positive,extreme,low
